objID,RA,DEC,mag,flux
1,150.00006150766788,2.0348461401559605,22.308903201808366,1.1883318118888342
2,150.01493727687543,1.9944286715646646,23.635349981748927,4.5633955105282675
3,149.9862931072319,2.017841863917627,23.95919790927547,2.298705685001868
4,149.95547040806213,2.005286077234999,24.104795540708604,3.560793474025743
5,149.97726646074142,2.031582736707419,22.832640399542694,2.0110240746249666
6,149.95041767225018,2.0019009373507766,24.650226659090926,3.3660165196428773
7,150.00300718012988,2.0618101241739106,22.750328641536758,1.60671925506429
8,150.06701076227773,2.0212491394988614,23.769958784905516,2.668291173814808
9,149.97538967407243,2.01960338116942,25.341658720456728,4.084878788773354
10,149.968976255009,2.0204933458841277,23.288242697991056,2.8054135757088043
11,150.02449210250927,1.927168112871564,23.47499832203121,1.973922806397028
12,150.017844350408,1.991768212409814,25.103353077337577,1.2704020835097132
13,150.00527071244989,1.9870341755225251,23.60528650518252,3.0567219188466166
14,149.9534765977646,2.010377336058024,23.694743614854485,3.4606687600486135
15,149.99853740887684,1.9320652917851855,24.227358685009715,2.2685670691570667
16,150.03476515972292,2.0817057388446454,25.078419106494668,1.5864134370738585
17,149.93278927263574,2.0052194332078264,21.735374089043532,3.9741390105702497
18,149.97711921194798,1.9394341229674663,23.148828847465893,15.443856852031622
19,149.90493886300996,1.914555651821058,22.96508655918603,2.199602395078937
20,149.93552311301076,1.9859356353139666,22.885586518916547,3.4408468256338276
21,149.90791324811042,1.9955162293536768,23.12221652465529,3.5401712014997986
22,149.98824544344626,1.9640853957012805,23.13845169109477,0.4508929159680772
23,149.9366276759278,2.004605691396196,24.309216051200234,2.9644859411938573
24,150.01356321794108,1.967941211638022,23.087872304528325,1.6577096294818288
25,150.00783755433122,2.027582912585315,24.125584277961444,7.165526843297067
26,149.9906534527685,1.9637729090805558,24.411420574871897,2.2755230208061845
27,149.87416201445896,1.9980749887447538,23.251946819318125,1.5773164217291908
28,149.97306535520767,2.048941958668107,24.133876175413395,2.3327561482355623
29,149.99757495272993,2.1285834441455145,25.67751911544608,3.0544292205891166
30,150.00566544930015,1.9496178403684696,24.33005396421211,1.8368756289749975
31,149.92349321172472,1.976774611495645,23.34702057614009,2.6198997520380614
32,149.9761123361983,1.9580082151100033,23.933479388920855,1.0534685678826246
33,149.95107404609718,2.039216416088464,23.06205796720784,2.321753193545324
34,149.9595581380287,1.9425950347141219,24.277136217361406,4.678469437923343
35,150.0530449311693,1.9757821477203457,24.882449139447342,10.787850993830869
36,149.9596232662334,1.9985199358381245,23.162055705247734,4.457376692285927
37,149.99837391475273,1.9510660730260128,23.78605616471968,3.2882440599711393
38,150.04421949336916,1.9521337478845409,25.137296141053714,6.225390059535839
39,149.97081997836284,1.9762188555939066,23.49151429080732,5.547659138685462
40,149.9944149025208,1.894977987983132,24.192102503010243,8.711899860440589
41,150.00552320716247,1.9277260891463333,22.95386919994522,5.800006844826626
42,150.00318908871276,1.9793482956103412,23.16321422275703,2.5030137179901866
43,149.9387472086791,2.0074115318171,23.47653681043586,3.257347874481546
44,150.00380701151886,1.9907120007023202,26.176320023214295,3.081488866801315
45,150.06794117108709,1.9113015652580303,23.59094985866348,3.35851006452885
46,149.9226427660936,1.976810685412,23.470041313930377,3.12747122390845
47,150.0429691344011,2.039921882025309,23.43680647152286,1.571923205792426
48,150.00596770128482,2.0277932755995662,23.834397645941728,0.6234135837967848
49,149.96792648029464,1.9960626069236083,24.655930118352924,1.698634973391687
50,150.1000208273171,1.9556315062450897,24.18949043700353,0.6582146784288195
51,150.03811298560424,2.0315608185476104,26.057814674700396,2.8507193763029073
52,149.94003555489473,1.9710535509395026,24.213794446732912,2.726927375077165
53,150.00372581143858,1.941537579876299,25.44740414935657,0.8412199220889748
54,150.0288344791835,1.9598906882419105,24.27671111602486,4.400498002867977
55,149.99056089373246,2.0724172645887076,24.60558149844745,4.986831106817761
56,150.03414551335976,2.0110090019100846,22.556400060286688,2.906926252637756
57,149.99667413399254,2.0579623526523854,23.87294055186082,8.735248668956237
58,150.03336237804172,1.9760331843345316,23.931052259371203,10.076095945737801
59,150.0719261295828,2.046907466959257,23.75704299310253,1.1685973723444163
60,149.96621688744972,1.9699247978190961,21.847121372809134,5.61641522834104
61,150.01015693051949,1.9921286315483584,24.880624461872657,3.7009646989038893
62,149.97683462117308,2.1243175129977847,23.612849670317818,3.6430594744870035
63,150.00636342056129,2.038357431614981,23.561928677753684,5.228441609985851
64,149.9406402736075,1.9749414812336155,23.74482853895984,1.643096453131702
65,149.97103492017487,1.995759048048664,23.771920811125565,1.7956001235675305
66,149.99019020135978,2.0163111710442823,24.40709842078875,1.5239863820065116
67,150.04493819360502,2.060522879475795,22.728967748434737,1.6025054947154034
68,150.0572611003727,1.9755433454164926,23.068957943083003,2.537150969837258
69,149.93382361037578,1.912934045769776,24.2906332958994,0.9838548354543315
70,149.96026788170064,1.9860179093436847,24.145582811320363,1.3073351596807845
71,150.03234517112867,2.0007692728581876,23.623345191091268,4.072551887436245
72,149.90037901079128,2.005476898436762,23.426087594359018,2.5865529950975095
73,149.97684150675238,2.065834506809133,23.165575296830074,3.553980893378442
74,149.9951356537165,2.0158343539152965,23.94164483610433,0.7243487249601022
75,150.06285074886435,2.040645848581799,25.180732473191444,1.5703565785814317
76,150.03447019502855,1.9449443153037598,22.941949248620947,1.8426488763309115
77,149.9836393289889,2.0433950744212273,25.52331804665016,2.7808993159349455
78,149.981571205295,2.104810991582814,24.843981465380427,1.8032689115761749
79,149.9874902299741,2.0386454645125087,23.54703626269006,5.223931286987752
80,150.0761764700228,2.012677785997036,24.783074875463086,2.6096254848307843
81,149.97859875287136,2.007699409420387,22.534096583137913,2.750849883335052
82,149.98481598058177,2.0893571119513004,22.268425054838758,2.744164675759322
83,150.01762945336426,1.9536409258304568,22.71021774384882,4.461967510482664
84,149.99396147774567,1.9944448821022975,23.590253534685807,1.9539744962255332
85,149.99013578860172,2.0230103796469106,23.674590031050318,5.963607883998871
86,149.94429664284246,2.03720005539066,23.48485758285733,3.751069584631581
87,149.99942392659807,1.9781336047145808,24.099422690564754,3.0277684274415755
88,149.97782093885127,2.015366069736362,21.86484609228132,2.798869375817887
89,150.0583063888095,1.9861039259324438,24.495349406351544,3.912641719778411
90,150.03265442513506,2.006023556640064,22.580699421107667,5.53324297394071
91,149.9987928193495,1.9933954229813051,23.33914939477468,5.269151191078251
92,150.03341905116338,1.9429203161072226,23.587149533707002,3.5363747145407687
93,149.98300652241434,1.9989443207488278,22.843789363257518,5.021371625009204
94,150.05260631792135,2.043857576103092,22.629000331362413,2.9530860140475896
95,149.99973002196643,1.9516490854229163,22.993918334785693,6.532195730465584
96,150.02916911770902,1.9879454125612583,23.988076357858823,2.6681235763504465
97,149.93545533773383,2.0332390032228576,24.589982179059437,0.6359740665698582
98,150.01733400244393,1.9465067446626414,24.564235177703946,6.934561327272126
99,149.91558979413168,2.009131916875408,23.005508961729507,2.9314458386796978
100,149.898233552753,1.9469935090523283,23.208422851788043,1.1975108232350111
101,149.98477615611444,2.056731525041689,23.07939683535007,2.366100886925971
102,149.95500361962007,2.1156410690939933,24.449812312096476,1.4642109496395306
103,150.00820263978562,2.101112764212288,21.962579819481448,11.824179774689084
104,150.1122378313243,1.989040966111343,25.23833926058223,3.85117949342233
105,149.9584138409294,2.037009956437031,23.51519512471034,0.9065602176552247
106,149.9688028206778,2.0060498864250076,23.216475136199616,3.9841149111168055
107,150.01027019730324,2.005105294803464,24.339453795907563,2.0562460850961477
108,150.02465066457063,2.0773878530468917,25.032619055106352,10.399402318595753
109,149.9911796967047,1.9340410211907924,24.342583256884925,1.300972913993562
110,149.98970348348735,2.0527647298733056,25.052744457318614,0.5638761451910541
111,150.03512314775602,1.9975512002422133,24.134358816653766,2.8465519673185193
112,150.0259953818517,2.0704270310302073,25.229638605707734,2.1305514763937374
113,149.9483162083963,2.009361668444972,25.245160038618696,2.030719138159136
114,149.9960409340692,1.9663664002736907,23.900521210667936,0.6072179977323009
115,150.00176434243306,2.013857018837569,25.439205887926953,3.664773548477259
116,149.94727576889755,2.0367983547514843,24.164733701313498,8.770042070718187
117,150.01299195503373,2.0017881837055596,24.086893220302027,0.7143842067809306
118,149.95710217614118,2.02440191382783,23.078526329552606,6.170973352797606
119,150.04860333539585,1.973916241214901,23.711219994212804,1.8255808315680695
120,150.00963729563026,1.8933058049577463,24.77758274584358,14.073642058697276
121,150.00446532428845,2.045001179188667,22.687353090263596,3.68844715668481
122,149.9704485823572,2.0349579868092142,24.649624009325276,2.383354478408361
123,149.99406950880612,2.0074089192307167,24.348615951269466,5.893011964369573
124,149.90011268535466,2.003420528110516,24.27756141625012,3.9283516700694023
125,149.94342962647386,2.0518147884677367,21.79350780457603,1.795495120067909
126,150.01814198995945,1.977144663726172,23.8967570803654,4.468942754045127
127,149.89357164790889,1.9646732967320741,24.648260007690958,1.901252521376789
128,150.04233042607405,1.9905725065252007,23.237045043081817,0.7772901483643593
129,149.9126951762313,2.059454859427577,24.090306699097784,11.26966424038793
130,150.0378369251332,1.9306443547867758,21.62192673093178,2.1282325137286207
131,149.95772514835605,2.0595914996307005,24.671393036288467,1.774804364256385
132,150.0389495542171,1.9680373572897243,23.337567190324258,3.44562546190906
133,150.00654756037923,1.944962825013799,24.871356947566724,0.9123402288768803
134,149.92315825298542,2.063003091807116,22.157213724067773,1.0538972359432586
135,150.06245743747792,1.9951554952601902,24.692267388325643,1.9160146199083006
136,150.07208535777613,1.9349882817807538,23.763060712347684,1.8892779809335636
137,149.9967097547,1.9820633470471782,24.80760379766896,2.8585728327019573
138,149.98630418639138,2.0465526215443517,23.0742902128879,5.964292256792651
139,149.99200665170147,2.0596037096310886,23.38154297525678,1.9506860257945677
140,149.95124238386106,1.9786450659039474,26.24245134482254,3.8380289130655134
141,150.05492933798786,2.020316037954864,23.17004784956277,4.141597158974812
142,149.9728554034135,2.0357042316197216,23.29397279259212,1.2727084060402354
143,149.99744047936542,1.9677686753141823,23.723417962834915,3.1896749212474345
144,149.96033517983986,2.017751803758322,22.977441274179633,1.4051342284333777
145,149.968696345014,1.9984061042622219,25.190456786350293,5.724350660056952
146,149.93611374241743,1.9731987794763453,25.725013314204254,3.7380456248761784
147,150.06285346568572,1.9753926032310538,23.295893933416664,2.749867916201705
148,149.9922956213397,2.0033517240933607,22.27396782098671,1.0641860582136722
149,150.04829608093644,2.0014926743479315,25.171977302990754,2.9481946713358016
150,150.00066622984565,1.9717255023337832,25.10839051179173,1.58896163078768
151,149.96527982361485,1.978702744579992,24.821659192178586,4.455653985836686
152,149.98366573699988,2.055666861917017,25.156511434748914,2.500451832000498
153,149.97198844747484,2.010691356758849,23.132474734176196,1.5393477780657603
154,150.00039795495925,2.044254718329414,23.83150359132806,5.195861941253552
155,149.98123665801614,2.060091111596871,22.615890395659452,4.504489415743926
156,149.9850039142029,2.0294421129819775,22.581837170414186,1.7944382938258427
157,149.9310712657932,2.1135443156691216,24.981101307269533,6.131377767650449
158,149.95965770361894,1.9587347984118053,23.32808673755689,2.2058738348344162
159,150.08270287744003,2.0404204796541148,26.27957159402006,2.1893262977920567
160,149.96643833918742,1.9840928013484453,24.07418010998257,2.9643587438213714
161,149.9472953106188,2.092789163168564,23.359575184766285,1.6050523512879584
162,150.01686631662875,2.085022006069621,24.797885203706358,1.995415039993048
163,150.07036360997782,1.902289440899663,25.801262357599374,2.4294490540569487
164,149.92729878487594,1.951556687874406,24.486130959425147,7.9343235921575275
165,149.98957390758744,2.033215645539717,22.78285482920635,7.765996800898698
166,149.96839737230326,2.039493360494224,24.371002801885062,2.2677561435102986
167,149.91194902628362,2.036828210807964,25.37559806106673,8.392231179925277
168,150.0367463354629,1.9964567335913328,23.506759050973706,2.63715128294437
169,149.99882780407225,2.022756041228174,23.226358042588725,3.5480795116444357
170,150.00357209221463,2.0326510717893163,25.016447911362903,5.045538985312865
171,149.96238442637772,1.9961064365231338,24.13996774050198,3.334869267135937
172,150.02273920814986,2.0513650984180813,22.89745789731726,14.74092358082266
173,149.97303513252564,1.8870251375445477,23.62025339841846,3.2230961020515076
174,149.99285483957516,2.0316896759784995,23.244337509034043,1.1754928754858749
175,149.94458696039092,1.9482973693857137,24.29626866487042,6.779000567477558
176,149.9391948619896,2.0479338903984696,24.109684513493537,2.037157705138264
177,150.066776592765,1.98856577875544,25.150447043060225,2.1967921179500367
178,149.97464476477307,1.9555606364457987,24.709665041981246,0.3348170490905658
179,150.01458401781778,2.018695107837212,22.436466005970626,5.477726429575583
180,149.99831047826163,1.9544333251077117,24.406990531455275,4.820677134936671
181,149.9779427398619,1.9543616051222303,24.896932319673404,4.7555560601510445
182,149.97460195148315,1.9216352822023455,24.455879267032884,5.391826132146169
183,150.03150412957228,1.9986646122600944,25.03005965927948,8.879099482044712
184,149.9849066197733,2.024841176084542,23.45042300732991,2.63214395382272
185,149.99242781759145,2.051151299306562,23.049168172714147,5.240052664285337
186,150.00111107785972,1.9929136069105495,24.930070025242497,1.614963137967107
187,150.0588254160126,2.052392760422382,22.93453532851429,2.121957838917017
188,150.03402554873165,2.0008980487567403,21.840462467222295,5.695817354542224
189,150.0191300133864,1.9953355759510223,25.025299944657018,3.5743619339621886
190,149.97182143033234,2.0286781473928897,23.27581507433129,1.068877855718603
191,149.93090156399967,2.052919638806288,23.693933798990333,3.5005866393162606
192,150.04747649658677,1.9829282772770704,22.60202065176959,2.39159854919171
193,150.04832235671105,1.987811918902202,22.67447241299488,1.532550891137352
194,149.99296458004383,1.9919584297650081,22.84341115802439,3.6840066931960345
195,150.02709419208017,2.004138456349592,23.63935014826819,2.0479637601016045
196,150.03907215269427,1.9549795895197424,24.36999907615593,0.9054322889703524
197,150.04155922263325,2.0514003030033146,21.702188784242594,1.2488102585730345
198,150.04606917366232,1.9799795184110833,24.752173174618022,9.378492666600344
199,149.97721911746694,2.0231221728388933,22.818001837211398,0.9413406077480259
200,150.07574864913323,1.9587263713888037,22.93368824204594,3.1770768070287208
201,149.9376703470857,2.0179401976404447,24.677855388074995,4.166344947319671
202,150.04308615384969,2.0195796507875166,23.925366067485605,4.2521822953562145
203,150.02469660395153,1.9789659296601334,22.46356621375931,1.1527724175723406
204,150.04368095567622,2.101044471649857,25.84459268723437,2.170425608893184
205,150.09395041535484,2.018551998062095,23.139378395059218,2.999941257340866
206,150.07422227366894,2.088846446148869,24.24731595194749,4.75951837944425
207,149.94274115464054,2.047956946194906,24.199890348607855,1.7307025392873565
208,149.9155664209866,1.9668862596471968,25.411327161863195,1.203901877848632
209,150.04084445295268,1.9808906592171052,23.544331164554112,5.483819429727057
210,149.9492493792062,2.0218051033678615,25.008089684382593,5.892071020194448
211,149.99937973056763,2.0030586265919377,23.258110477681875,3.5220767070378685
212,150.04198637385025,2.0024730570879465,25.12212885850222,1.775086209200547
213,149.9178101324407,1.9856897522812724,23.23701537041816,3.6137035435442435
214,149.89450097728454,1.9095761822129502,23.637790901385504,2.9344425174343893
215,150.01296495101687,1.9887283678289653,25.895966547899032,4.885834369842713
216,150.00221929448065,1.889093926803862,24.31697138811834,1.1338522704668348
217,149.9877098464309,2.018590978439247,24.109758972702693,2.948753505350893
218,150.0019267381885,1.9636971106286147,26.242049275012054,2.4318573475139798
219,149.95697421963163,1.9642291636913929,24.36135667403348,1.2500973143285827
220,149.9243252796364,1.9890348102185011,23.183862692271394,3.1612065507629
221,149.991667257456,2.013633617314793,24.734627998294513,2.7855420464273783
222,149.95141456544752,1.9283996911132022,22.818319082991902,2.039590256493954
223,149.91782593387944,1.9125699405223298,25.128316538743917,3.58665540044297
224,150.02528405356966,1.9466967064250094,25.20597775982017,1.00686555308018
225,149.9969300685789,1.8979136237900638,23.42704082145877,2.6181049244535695
226,150.02032642683164,1.951657519505535,23.372098150716152,3.6766055295321007
227,149.95053525292872,2.0795441515261484,24.17650426235091,3.316176626187698
228,149.96709706040818,1.9471707041751474,24.014155151778965,5.77477588215856
229,149.950047848639,2.032570258745009,23.022312383133656,1.1725972942574836
230,149.9556679066471,1.9314182595867433,24.568087866318816,0.9459966064083088
231,150.00977039588747,2.0149560076286246,21.95812430373619,3.2134573687435837
232,149.96085126918325,1.984013309389366,23.567140541742926,3.738209558796174
233,150.017803314441,1.9970093607232864,23.596059035143057,11.987646428377639
234,150.0169877962709,2.028438879718377,23.726734448477522,4.185510724214395
235,150.101258049344,2.0878120062658088,24.30722390537572,1.4743779792161928
236,149.93036054770667,2.0097353174916637,22.771977573580866,4.778949796081229
237,150.04439511889174,2.0062179475698048,24.588515083235816,1.5038957328730769
238,149.99552560190557,1.9513316141258843,23.819845984678317,0.9607076199251412
239,149.99929851349344,2.0291669827666166,23.349783888186373,16.884070708288952
240,149.92750680890467,1.9876963834727364,22.63317386550439,3.4146594477583174
241,149.97699030936377,2.0416003521454216,22.81689072826738,4.483775523374226
242,150.0371598631722,1.9978146774757513,24.360324772029255,4.032897809096161
243,149.99587608139913,2.0870427851904925,23.036150890457883,9.664445527146304
244,150.00405271852057,1.9008541748431267,24.06419869785195,3.3163824372962414
245,149.98546416596997,1.9851700319922463,25.061982954758125,6.375028890489523
246,150.05772848734932,2.044074081940063,25.032642615346244,1.3243228934389828
247,149.99892637164783,1.9824653901457507,25.560396960762827,1.0258148851258904
248,149.8899792163759,1.960391346549727,23.703706676482188,7.378644186536309
249,149.96539637247628,1.986705969713021,22.914850928181203,7.63239587249265
250,149.901560169646,1.9310035626196331,25.020525510387834,3.8864963507000696
251,149.83742807922516,2.0059476885844885,24.30960385050457,3.1843447969066663
252,149.97349423251137,2.122023092008661,25.12395065007742,3.053607309741183
253,150.06667799250513,2.0572515749113363,24.011056071054014,1.6791488029324404
254,150.00235599530652,1.9445495446742365,25.195646024462636,7.980862832502783
255,149.94137271462975,1.9563329458835854,24.846387420054267,4.311201218970955
256,149.9529650065899,1.9797636095488773,24.716420903417625,3.873404403438761
257,150.0565306615125,2.050220806386697,24.50352287779655,3.5370310444097077
258,150.00788133116993,1.9589256495415406,24.397699012529113,5.660651405760555
259,150.0023999620781,1.9654884290526233,24.233035807014666,3.8709645352573587
260,149.9973269105581,2.0442374716757454,24.22590623952905,4.5802420162859585
261,150.00192001307778,2.043232628523757,24.990194595559704,1.1993123940287258
262,150.0402702823472,1.9813092669805277,23.488020326089053,3.8846119665627805
263,150.0276283648678,1.9441118292813604,25.73568513609381,12.566581866521727
264,150.01078523500124,1.9225127588368647,23.89375745464079,1.8908640545607598
265,149.9478565821205,1.9650504936544948,24.985382195088835,2.4838748792118963
266,150.02555543824548,1.8884735548864235,23.909758812211155,5.07517291483972
267,149.96578764610038,2.0374909940954957,23.75333400456971,5.312763940446642
268,150.05469228379502,1.968498465009772,26.03224148573078,4.208469171693997
269,149.9364474589138,2.024064683212257,23.690655214798625,0.8760604494498212
270,149.99311895118623,2.093416244380067,22.722783237324357,3.862100445346049
271,149.99963208568545,2.0586497853566432,23.285917840979266,1.1869984853537814
272,149.9337677224678,1.9424432581026505,23.6827720464918,1.526089615950393
273,150.08609858219282,2.0434624493238345,26.155191852717778,3.9893872607195253
274,150.07302033836297,2.0578928513758217,24.206755932206313,2.209846626854295
275,149.97682081191954,1.9626821740951954,24.934713399799296,4.7909850580079825
276,150.0385860582782,1.9523351538463998,22.998400043119915,24.623396239949916
277,150.01893380348352,1.994515405133073,24.352608289761147,4.683407930796587
278,149.86932202683275,1.919928832524191,24.671478348396462,4.508645866546779
279,150.01251990081388,2.0735367474650777,25.80162695546435,1.4520709295035448
280,149.99693279600834,1.8797318103484755,23.30372955167602,1.733123043666631
281,150.00416086767373,1.944659629212897,24.603489462693844,1.2910252619538507
282,149.94615625400863,1.9865217417995416,24.30258390845333,1.8723286329390512
283,149.986532647689,1.9886456454334658,22.978285289468023,1.2658876311898857
284,149.99108706183088,2.0083062086571313,23.98054376441382,1.712949927535056
285,150.0594047108606,2.0135724284337417,23.73652509046361,2.3487768781492577
286,150.01672135301956,1.9893193992687277,21.674634574053215,1.3493166679587452
287,149.99972224848986,2.056844315938497,24.59866912438223,1.006654069930499
288,150.07644849989555,1.8930311915181404,24.54024341974353,1.0480963647780286
289,149.97223760351181,1.999991774304152,23.56106520600398,3.734988645956506
290,149.98052848475623,1.96427077941423,22.6614380553853,2.8343781677899984
291,149.90916224943305,2.0066256717571744,25.47988086713262,5.574252512159265
292,150.07845529231417,2.011037991897314,24.265999287393797,5.646904127382475
293,150.04821661840973,1.9544085561752604,25.01670129401162,2.141599017884654
294,150.0458424022256,1.9679525501732253,25.410321796702014,4.3450206099733615
295,150.03344492232236,2.039629336162592,23.47909321567698,0.9916705015279444
296,150.0055074293832,2.0174528134325493,24.812154532640765,13.438402627713236
297,150.01077444695912,1.9659875781698761,23.75885098632989,6.276314903443494
298,149.98739967048664,2.101994547967097,23.93745135850012,2.3384226558451795
299,149.98981997871385,2.115458882424754,23.914384383361313,1.2041337107102381
300,150.00271518058568,1.9268768760519823,23.998681067544965,3.5467582030443046
301,150.0755914755782,2.015089748015017,25.11396019962934,0.7341429827597719
302,150.0277843950904,2.1254497217816195,24.12382753102861,1.5753670531196757
303,149.99707699371206,2.0391949314592446,23.846267251941903,4.5911488703453
304,149.97103039747782,2.011053007145627,23.723462768483387,2.865704733121954
305,149.9682500756294,1.9895971583320284,24.3413141492052,1.927694421221159
306,150.0801352505586,1.972940285706164,23.10513193669209,5.288410379775056
307,150.02533436521136,1.9893742648690131,23.497341569450036,1.3138426872345306
308,150.00337752791555,1.9724635293795931,23.947719418892746,3.317761906579821
309,149.98269090789236,2.0372454179279016,23.434151687791633,1.9183782143391828
310,149.94454732941497,1.980092317365428,23.881523847063125,1.502064777980471
311,149.9966569221265,1.9779424243994972,23.389223137080993,3.759842363663261
312,150.0436829017235,1.939891965658546,26.003957779028973,1.3566038345421596
313,149.98037313765812,1.9975205062809849,25.329060740647844,10.292387189255331
314,149.98863787084997,1.9552939163280498,24.44995216306444,1.8052484146721137
315,149.98894828242805,1.9909624915635453,23.94638148186114,10.944904309461291
316,150.0054797183999,2.0520907776360766,26.190764162799212,1.263923090150812
317,149.92034945606272,2.0182962443155565,24.32295290807362,4.154391605139376
318,149.98823008240174,2.0252362647392714,23.91315449213114,1.173859474089169
319,149.9572802240923,2.0178045449878903,24.303126376818458,1.0631305285997437
320,150.04422925162814,2.002958786509575,24.305943206411918,3.039806129371801
321,149.96147006617176,1.9936335884664185,25.410317706483728,4.367938598168733
322,150.02885233736504,1.9846096892049168,23.981035307516073,1.1140654952344127
323,150.07622187263632,2.0379558504416537,26.099324824057252,6.227051504692826
324,149.98432018693592,1.9457880095355875,23.117978739998282,1.555319031464192
325,149.96992118739382,2.067036129311277,24.694050216918843,2.979799102705966
326,150.0095716129563,2.0017039031342407,22.998173223352193,3.546088630448094
327,149.99989854861954,1.9625649804711314,25.817100956623964,4.121747306700758
328,149.95031918263302,1.9755426960479994,23.669434561106826,0.7722333253901961
329,150.02304597078566,1.9661504799405944,23.941810728187587,8.440097261773412
330,150.10077580267378,2.008010324951402,24.92423690630252,4.027940371163541
331,149.9870944002367,1.9641078477755847,25.25534068402822,2.0179548809741736
332,149.98985619019678,2.0571065599391867,22.888123163411702,1.3272276168678616
333,149.94775339882153,1.9609180503692878,23.653841008358473,0.8303980868206866
334,150.01595442258431,1.8863739034792912,22.60507672720023,1.0481259382203036
335,149.93765118876462,1.9634500753637052,24.13730515137552,3.980697022919313
336,149.94465344878242,1.8995739413350172,23.89862746485867,2.1409479544387136
337,150.0639833635922,1.9980065574713672,23.651065977240435,1.2311378648979336
338,149.95472734703026,2.0529578989185655,23.31553866109939,1.8797626598946446
339,150.05406787846655,2.0323879900132837,23.614093536152136,8.124456050473071
340,150.07621790018914,1.933120524752638,23.253604661269552,2.1565884886550757
341,150.01296632287384,1.9618872359216,24.528961842026124,1.8055878693762488
342,150.02766957014254,2.0889316767783344,25.515950047204697,6.996599516942664
343,150.09761254718433,2.0159255704367167,22.06927589143098,3.7558859067750827
344,149.99016357989672,2.000205934631703,23.88403248392856,2.8038587133303734
345,149.97034971015293,2.052803128059678,23.581828225905898,1.776335749052886
346,149.93233844676087,2.122637056271508,24.492368588501297,0.9169635587532701
347,150.0020853540173,2.064828663878987,23.048232982656288,1.1979601495097045
348,150.07395721054593,2.006970762738529,23.853564169307226,1.941919425028778
349,150.04797976907005,2.017734408799241,22.960407817521496,2.330917599825408
350,149.9528954379291,2.030853989554911,24.69669784347279,3.4881433345353763
351,149.95723123080836,1.9693650751744938,24.09927462995829,3.999763799060065
352,149.97479143853295,1.947064026364128,23.83852543443647,3.1773422968557146
353,150.01461340412476,2.002622454174469,24.37018792901035,3.1717578264986046
354,149.98973442864482,1.952639438526844,23.753516695369058,1.3427674103044236
355,150.01072269727214,1.9969268790482466,22.446179017023173,0.6015001704309302
356,150.01483696890227,2.0048061519996043,24.595730409933267,1.887752413847722
357,149.9850613206661,2.1170518660941466,24.28827017045747,1.3938860193068319
358,149.99799130291984,1.9574475002671716,23.845920398455124,1.7214399713511033
359,150.0103296188608,1.9939105534014532,24.984924930633557,2.242995428445529
360,149.99580151482334,1.9917848555207733,25.218495549791886,1.1382307092226016
361,150.0251760432497,2.0218655266687664,22.90771736587848,1.2493740985999342
362,150.0935437886664,2.052336216579181,23.2189239280148,2.533946718110291
363,150.02959861423855,1.9754758249186672,25.54728509576785,2.9477417415366616
364,150.00279052732043,1.9589323984947484,25.41885186659131,1.7173822871767854
365,149.9156940688319,1.9179644692034172,23.261606871413903,3.8527976553525014
366,150.01939785430076,1.9536897751598576,22.819289947763348,2.3311966078599107
367,149.90266607941163,2.02682204172883,23.36243244626402,1.3311734396728938
368,149.9295482956922,2.0022823520911603,23.501883593182388,2.7968994589650182
369,150.04273196262344,1.949228300254692,22.415934168113278,10.152190646989231
370,150.03531175300682,1.9813616261757572,24.03116725274926,1.6947778321703113
371,149.99250305008255,2.001573647389513,22.71982109025848,6.149051386609358
372,149.91449944469238,2.0251839465804466,22.789610349958476,7.130940440397227
373,149.98143257415546,1.9703302823580737,24.916106422266104,7.757911185056971
374,149.9660630840892,1.9874779971171064,23.31681072451924,1.52830669911513
375,150.03184203730652,1.9090782633329895,23.928528817885553,11.142445692939042
376,150.11288652662137,1.9424307098881028,24.6290963556757,2.9489365705169246
377,150.01084652439772,2.0808857829089424,24.813224072091224,2.27583670067243
378,149.9610344435984,1.8905929663652576,23.66297987120724,2.3134882708928397
379,149.94147242348484,1.9831098723682987,24.044117478654602,4.141679897324527
380,149.9971952859616,2.010959911467213,23.174594010605247,2.817328999622084
381,149.9911603403243,1.981282537733648,25.74737969645902,2.4016892009340016
382,149.94242404202362,1.9595921238317302,24.649949817763147,6.6759548394338415
383,150.0058177617846,1.9969460733806335,22.89676022007397,1.6389669424656816
384,149.94245432393447,1.999751729924886,24.00405796885634,1.309701501229283
385,150.05560536358647,1.995894129753405,24.713551687359455,4.73590846319837
386,150.05313253028942,1.9061143939423941,24.479410966568736,4.448282944534426
387,150.05423756326482,1.9926298186022302,25.8291701180404,5.846155553530061
388,149.97629747646957,1.9572443654854221,25.372319113183416,1.28333244601724
389,150.0257260281659,1.9726132062593231,23.460693542173477,5.7948756670525725
390,149.99339652473904,2.0113487381670727,23.910819499537737,3.809183749924165
391,149.98055939692986,2.0320364375240283,22.718458607023813,9.33529898508099
392,149.9830427171429,2.0448388667120936,24.249452982889444,1.1345075017654835
393,149.93501423634828,1.9751793471510555,24.151021059546338,3.1669476702147583
394,149.92780681520523,2.046200138836006,26.70348286261904,2.2382690158826706
395,150.0397157395438,2.0586863766311994,24.097575104209614,0.8932970188713261
396,149.99043822980403,2.056831896227303,21.90674761934891,1.6480263869359417
397,150.01082124255637,2.0694883969405717,23.327913513295442,5.9831363622780085
398,150.0500855194227,1.9927158747040543,24.112349211525075,1.9576162331518525
399,149.91334337524918,1.9912934042463368,22.743984707407197,1.6391563991708773
400,149.9607934963092,2.0412525389697174,23.132792315948432,4.991728658498755
401,150.00876674217326,1.9316737842435983,23.634364191771898,5.431490943930323
402,150.0196047393333,2.010471452363417,24.341811634465614,5.423540153380091
403,149.98114627747995,1.9734720503915042,23.834657988787715,1.5639499458899913
404,150.0514589616349,1.9815605474569296,23.110767512553064,2.6101139332108683
405,150.01051974694147,1.912924277605071,24.787681234495125,5.592695648314358
406,149.9393308930586,1.9554727847098397,23.46036255047546,1.7173391888864937
407,149.95346181120047,1.9989753035271443,23.50069115658823,1.6087672143270855
408,150.04027355302472,2.0444226587046805,22.620348408048716,4.853802332549812
409,150.0231915728228,2.0495013294704023,23.21398425843814,8.114431036192583
410,149.90504693804968,1.9959836762502043,24.651771595885155,1.2135472462342463
411,150.06738561519313,1.9905355821385515,22.382344841466246,0.44118195569796725
412,150.02990135155468,1.958466040649183,23.92882630536629,0.9848937485897855
413,150.06716714938483,2.020117824848807,24.71772502327488,1.3381436077171267
414,149.98081495594624,1.987621099974623,23.622891392871747,2.468538588760838
415,149.98521468893338,2.03029422695745,24.239790518404963,4.1832750530272005
416,149.94367714576242,2.087584340206298,22.883205988617075,2.4533370742047635
417,150.1268464785066,1.9983812521369093,25.310277902184744,1.6648954666500453
418,149.99122728872965,1.9251322762912964,25.101050336102766,3.026354561545675
419,150.0793766596041,1.9569574778485577,24.23549908318332,1.3863713203223629
420,149.96763537743064,1.927092627933169,22.24492114008408,2.630452174200639
421,150.00819205961665,1.9401445155292512,22.954037662302937,1.7348172503606296
422,149.9164323756715,2.0652635361742733,24.976703061931342,17.747421377818586
423,149.98085664256166,2.011332978672924,25.7131210902787,4.81507132422735
424,150.04918774542,1.923991278421212,24.296615439985,1.515112816635356
425,149.93741280922129,2.0326816083015062,25.247318934035697,1.3527587873350118
426,150.05361137724674,2.0630187437039442,23.39223829657846,2.0002561569299653
427,150.01686189079243,1.9820062721282068,23.810612843389094,0.8594930130324684
428,149.9478024537508,1.9662004580431558,24.001147903563307,1.630120399859333
429,149.97492013642872,1.9831311143757526,24.423096753735,1.6213206254465264
430,149.97704671616472,2.0142303255127088,22.47119040955508,5.046767717956175
431,149.99752403310288,2.0319985075128186,24.940666842538295,2.016533158263088
432,149.97319280170285,2.0591108419020117,25.322546644366795,1.5630170396009184
433,149.95863560495977,2.0606239102956585,22.851264851160035,1.0636154571533285
434,149.98477061487426,2.059270192411349,22.644660328740148,1.192859082166191
435,149.94865551306955,2.0680960715890038,24.35056011461762,2.5949072262162156
436,149.93552367136783,2.033069389490018,23.34568809388755,2.338265997118315
437,149.99759117587462,1.9234546697834007,21.629170317402117,6.0133147726722
438,150.04414371127774,1.993451788524319,24.80858351602536,1.7499873731484936
439,149.92353141474413,2.0156960256311693,24.155594416901028,5.705490749600988
440,150.0001754075732,1.980843686749615,23.523353002192156,3.254336512665473
441,149.96750219025992,2.0455630427450986,26.113444292710735,2.7094753515816437
442,149.95114272814325,1.9819893013907248,24.13890425167966,0.6664347902843079
443,150.04267188263574,1.9537126485018146,23.246569939694798,1.1018154963189135
444,149.97409151554547,2.0722149499719533,24.101151812100348,4.5676561636056405
445,150.07491508415325,2.033300215490317,22.95993073256911,7.231698291242947
446,149.9610080317927,2.010962689210019,23.238293225959257,3.1409150153166534
447,150.01932509968128,2.046335454572992,24.386362802125184,4.635616131654731
448,149.98863584967214,2.0531267119667693,23.445801793787748,2.0433579339388572
449,149.96229890954368,2.017051790548635,23.549025926029767,2.096049433343804
450,150.0293837521289,1.8771169290552854,25.66894486084078,1.7090303507985762
451,149.99225087134627,1.966220527466614,24.859648783186383,5.377852542620232
452,150.03016052903567,1.9771710435210845,24.80282582010682,3.455468917924744
453,149.99763542463916,1.9507899552443433,24.528816702198217,2.3073080034566695
454,149.94570918723494,2.0099338716960156,24.484201561724195,2.160038649221871
455,149.99489653784056,2.059610106642567,25.456584898907142,4.013059469951158
456,150.00259775847582,1.9757547207396466,23.98045401402484,3.408188372668041
457,150.04792314769406,1.9432583665164562,25.85551412489978,1.5182686267463175
458,149.95468654963324,2.101401740545525,23.04859833203769,9.035760690203457
459,149.99803350733663,1.9774281196951233,23.744962312278755,3.2541146580967966
460,149.9139060634885,1.9383517537643375,22.621403638624113,2.738294750955644
461,150.03257465301718,2.0118838624809228,23.656226980307057,7.645367980998602
462,149.94592585126796,2.0212841290794765,24.5184424329544,5.566752770180071
463,149.90968202394583,1.9647474955159663,25.45124688922518,2.5559480178248393
464,149.99703915828627,2.0395226787294134,23.336672461803097,3.955826782721793
465,150.05528424793314,1.9756340280856663,24.005304473599097,1.28532958450494
466,149.9237776525894,1.9538524542304805,23.64078960016506,1.7356985479905316
467,149.94559822073057,2.008929543426243,23.261400059215106,0.5586500598445191
468,149.96283625544734,2.0385384488562477,22.81062054645267,6.386950450430579
469,149.9435251676829,1.968307425440265,24.060661165301802,0.7197236070391894
470,150.01897139441672,2.016531277800711,22.26793499956484,4.379316507794372
471,149.95963162774777,1.9953254180297324,24.1105431508245,1.5197201055347376
472,149.96392426317698,2.1412216824868073,24.020951935487755,1.369875654425438
473,150.0291652699341,1.9645720159418454,23.342249701076117,2.3713949944235555
474,149.96222426845156,2.0692085800269755,22.989096430090036,3.2755589485126126
475,150.02163900488904,1.9973826855780556,22.615692718390946,4.172329593933149
476,149.9514307414059,1.9936618998163855,25.87132841097774,9.394666921499448
477,149.93939307428923,2.036083255576822,22.658027935811173,3.4939393053038033
478,149.90822753554045,2.0446995283270253,25.557702359550127,5.037131403849088
479,150.0930601393456,2.0633507820476695,24.600164759867518,1.7879285106744538
480,149.98398704839346,2.016432586756758,23.63597903171512,4.479918788919441
481,150.01219666839742,1.9699801805121038,22.84292315627833,3.0261407478436335
482,149.99844752455095,1.973117694790797,25.042493496859986,1.9655479418136819
483,150.00799808785035,2.0254826595441675,25.72965119674208,2.5416525480972036
484,150.00248432396873,2.029044993530387,23.065975591190185,2.6027313904055602
485,150.09541085196014,2.069902547034825,23.70125479411957,3.1073910292392535
486,149.94805367045214,2.020921522770935,25.05162376479371,3.6001439301050677
487,149.92212689469508,2.0530084132628867,24.33578336002684,1.9036569379585375
488,149.9494020165758,2.075838551739198,25.999960956156155,1.6184333101718773
489,149.93326454951207,2.0082400272265555,23.429855550528654,4.587017861133371
490,150.0373481026241,1.9257220674204658,24.54229120836951,0.8289580676076667
491,150.04101891047688,1.941036145674971,22.749072030058333,1.7634204216130833
492,149.9519342227425,1.9281098565904744,26.095891730499048,8.059345238135212
493,149.93047821117685,2.079579519050705,23.269659187711746,0.40859191481766344
494,149.98226016734296,1.9576295702585529,21.792032970704803,1.6734102076016555
495,150.06955619389382,2.0615920782706145,23.874235978740373,4.3991158279395846
496,149.8590215291101,2.029286595578194,23.86056937888668,0.8562226400988769
497,150.0263313384508,2.0857634563419523,25.91557151256179,16.75504630687712
498,149.94621223862757,2.050154690974392,23.661180354616256,0.44402140597959183
499,150.05201835732706,1.9948814869393299,23.987356255857904,7.430488590811559
500,149.94610380295617,1.9899984774803365,24.59343887191278,8.086038690419091
501,149.9857292086392,2.0042583859973075,25.586270683109483,5.162632666876989
502,149.924686044968,2.0087630475949427,23.936770385587202,2.3277219827180415
503,149.9511371074751,1.9734628164438293,25.039477893587883,3.490429316046652
504,150.06929195815232,1.9983685851205673,24.518084588060983,1.450524299390424
505,150.0410289342945,2.0804660031001196,23.703764665238037,4.789984911427842
506,149.97991659239247,1.9148930844587173,24.07755444199108,1.241219745071205
507,149.9564913814898,2.0129244069763432,24.028673878856743,2.244063413750865
508,149.9053096431744,1.9546523597009622,23.083975364282466,5.45959436989206
509,149.98031716440494,2.009351854140244,25.2136807544461,1.246061734850827
510,149.99845483737067,2.04199278876041,22.614379747331828,2.1064667346479773
511,149.99579728210827,1.9971194909771155,25.17116892255082,3.0495235883402323
512,149.9953104036012,2.03864934599242,24.95441932912458,1.062631269651105
513,149.94390951863866,1.9205080299307906,23.906950741920138,6.141449246615932
514,149.9966863057317,2.0553494556332734,23.23455565252626,3.4505783802296137
515,149.99806633102324,1.9698435378675943,23.7735749143381,0.9409051118257746
516,150.06452810189015,2.031120403489618,24.472774657995195,2.630362315253918
517,150.0933366727176,2.0091224047988234,24.74305843936393,1.5797480620890154
518,149.9931505486541,1.8707218910438108,24.28691896353983,1.7155083032170435
519,149.9616847024412,1.9621967939264888,24.99213633614082,2.8683052718961117
520,149.99675089351192,2.01102541839677,23.442565427972532,1.6540326810957107
521,149.96961893623728,2.077698804078456,24.234576398500025,5.339639460615714
522,149.9628783092127,2.0143634142951834,22.431654189130548,1.6598695823442289
523,149.9970674924039,2.012884793988537,24.7636266588374,5.40431060328721
524,149.94783477844237,1.9293657955185306,24.153176251951585,2.6362788092050864
525,150.03030533755776,2.0715573348261747,23.584425822825274,4.948270304384525
526,149.9948042225408,2.090353849759406,25.161542418719247,1.8609102307848944
527,150.012500415343,2.001428752156199,24.691526148796505,1.908468784521039
528,149.99085299820146,1.9890121475889941,21.183605758255933,1.2132155312613029
529,149.9636372776374,1.9190475142095171,24.039883248267362,4.07383646606281
530,149.95260202201257,2.0441660529478245,22.544976003272215,5.24070838656332
531,149.98813619978378,2.1351139662846212,25.066659874468357,11.982317170908377
532,149.9725619831286,2.0358556537393246,26.48907482290482,6.708458968559296
533,150.01169506666048,2.06318517590766,23.481466489284657,3.2376458479097208
534,149.9997784148401,2.027104364685408,24.07457915250193,2.345082623489254
535,149.93188466260386,1.9507492056715623,23.748966426091403,3.5683112845323914
536,150.00335606497143,2.066833631550993,24.350813112220223,2.6660116795172697
537,149.93285697914297,1.938271255026514,24.644549015608803,7.571820668385523
538,149.96917611872402,1.9894667547168479,25.2871939365403,5.263313554484126
539,149.9852823195391,2.0139425872501264,23.012578665502215,1.5132614268322162
540,149.89623633610444,2.044145483038833,25.571634811823607,1.6797729342096737
541,150.004575372393,2.0207992832715482,23.068486143956388,7.078749957916447
542,150.0075491674857,2.0193417250416705,24.27708869937,3.372506020721143
543,149.99209879032875,1.9619255965785618,25.158576639576687,2.311203944866489
544,149.97878413637642,1.9355314293019772,24.713198738398,6.236600944254359
545,149.98131981699458,2.0030740334131605,23.06142505901165,2.0723518421520657
546,149.95117302656945,1.9644902611378552,23.298076383175477,2.234812077018702
547,149.98651498151355,1.9346107185965375,23.5376690972688,1.9683190829588235
548,149.97236940982427,1.936702676424903,23.948830718874092,0.688547650121345
549,150.00458426963436,1.9754935762913444,25.146953248318738,4.9777595148090805
550,149.93979319552275,1.9073710569912996,22.708188562498204,1.166072051060347
551,150.01177949545055,1.9326265648577814,24.466701504612743,1.8256116770847086
552,150.00716094467387,1.9182431535465374,24.60997243217287,1.614926883194132
553,149.99292185839107,2.009112973189083,24.558288722157712,4.521724381291607
554,149.97803975884568,2.020399211475921,24.466306334457986,2.5908656611361858
555,150.02761699462351,2.1003570481591414,25.518318121319915,2.7477752527299617
556,149.9167699146603,1.9251235100383808,24.487808343366236,0.8389351618888528
557,150.02302266690725,1.9660201520545169,24.856959244559967,2.5568961110129997
558,150.0121518733095,2.04563056946614,24.563546504927366,0.9671195417512825
559,150.01416881462674,1.9891613097505523,25.793112832728294,3.370421790657794
560,150.01916562962163,1.98365010306461,22.100195260437125,3.513828189571926
561,149.96731777967037,2.0854584851669777,25.282108577119285,2.685378703328794
562,149.98702699708494,1.9830796920239635,23.738969225746562,11.361160674211739
563,150.0318529165608,1.9421902565332996,23.719283139563615,3.9330304671348464
564,150.02153196220416,1.934153002006653,23.030523256773588,4.125044974035082
565,150.01033563827212,2.0167847161156964,22.131304531993173,3.0030184929313832
566,149.92428398774402,2.0152620801702983,23.618105152442435,2.37517078986503
567,150.02689435574416,1.931414881485691,23.31270669048223,5.34489971795643
568,150.05847354959965,1.9507301871136844,24.494173979460694,5.8768134172731195
569,150.05048357465213,2.0267356318907805,22.52773752706258,1.0932858981256606
570,150.01169390243845,2.028863338626257,25.431613179544122,5.686771700097505
571,149.9221160698198,1.9678388958198005,24.271933843214367,3.8949320772308775
572,150.0471272407114,2.031110810092599,23.75209730846921,5.325411847702374
573,149.992637268164,2.028592729364528,23.290576650814106,3.76717410652434
574,149.87337401759666,1.9108459125640227,23.212792944547537,1.1377028594504823
575,150.01886037015535,1.9843968124775644,22.869912835379385,1.1959710917003359
576,149.92539141084603,2.020756279556056,23.455639275092835,9.749474346739484
577,149.93517797099025,1.9713462148918006,24.00605041489451,3.243641790697009
578,149.9682520553813,1.8930534065516147,23.822636550556396,1.007952609429189
579,150.06362955889415,1.985849263926694,22.585512126195212,3.4683965578048004
580,149.9814577322911,2.0376046579970706,23.734171758956304,2.1096319008765696
581,150.01354957938685,2.0790202792906567,23.106817084662918,0.747971974421015
582,150.08739839818762,1.8904608669373004,24.159882185062077,0.5470956000835704
583,150.0797014881328,2.1306660672782134,25.864651875204117,0.8852663790896526
584,149.99483232920863,1.9436431834485366,24.62502269411327,3.287918796103225
585,149.98792394889696,2.0478485435400566,23.686880061177842,2.628332060099797
586,149.93695646829553,2.0617099035267197,22.375116826525506,2.283224199358295
587,149.96527709629092,2.0491508650066903,22.585275691321215,3.317709740416161
588,150.02126791738064,2.0074809239780187,22.31327667452431,4.140395434141825
589,150.01978653809047,1.9419291168656039,24.72596846340084,0.623906221680924
590,150.0055119115587,2.031327939399304,23.234930649955995,2.201621584023361
591,150.0497400828782,1.9642383411612245,24.06260025912425,1.522661430326111
592,149.96138159934833,1.8738652528281357,23.377985817457603,1.146556973559278
593,149.99719617399083,2.1414449316858137,24.091196541873508,1.8532838236111804
594,150.03656214942475,2.0354051010980334,25.401677130889453,2.4942536135037323
595,150.0292072953114,2.090903856424327,23.315054067882624,2.255903325190091
596,150.05354728878663,1.9544188596252778,23.659044660771862,0.9818987131245542
597,150.01985102033825,2.073375141170595,23.193656088669748,1.9382690640098903
598,149.98452987222015,2.07949345790745,24.87457490351933,11.14602602816328
599,150.0181096130131,2.077727476225059,22.97428281008576,1.2992817466015643
600,149.9498702401808,1.9989396833393924,22.867016755491036,0.8344644935579005
601,149.91802703342285,1.93987689781287,22.612337034428375,3.29586647034477
602,150.02903358904487,1.9911343596568183,22.591526485809755,4.127367161679895
603,149.99724298335894,1.8898615443116697,24.470894338671375,3.761549115913182
604,150.01542048132086,1.9148993805298233,26.56912502015513,1.2413478001158236
605,149.91511578180794,2.0045969390575133,23.00462368359304,5.4666524615923135
606,149.98174429876372,1.950430076711591,24.9515458233063,1.5687317149886588
607,149.97000714431343,1.9917776572272625,24.25110704167237,1.2282451975088344
608,149.95678939426315,1.994550012429932,22.89797743374802,1.7754709892293186
609,149.88724924967687,2.09653635242592,23.723300449973014,2.5191200279826433
610,149.98325632589314,2.064881328487547,23.767083324329214,4.481079600479029
611,150.0448652144083,1.9977563707918586,23.309298108376346,4.2067159250735555
612,150.0190498860932,2.0604449767084674,25.930606873712552,2.6758056438077924
613,149.96995266951672,1.961014342765483,22.093879430342845,5.222801213901776
614,149.9992562014175,1.9831551487952566,24.381036448187075,2.8778477374340574
615,150.0378400040119,2.04551121550587,24.331524480633718,5.089546511881005
616,149.8619791068673,1.9379169711214503,23.420383801784926,1.0174422130326957
617,149.99377317265967,1.9860509635849888,24.149502865375382,0.9031001759450269
618,150.02716000735907,1.9339577069955978,24.877604968695902,4.678625230607105
619,150.0341064312617,2.0058736203913985,24.152735135439674,1.0273085127276647
620,150.0850365103505,2.0816257877794717,24.41732532254068,2.2010544911020316
621,150.05675228395484,1.9623951555449515,24.692911933272132,2.5378774284656536
622,150.01562814173732,2.0112939747956915,21.96794400958345,1.9317656157705263
623,150.01509880030576,1.955133904918175,25.478378125471643,1.9789321247994613
624,150.03934726739973,1.9425225528379806,26.27830397010772,7.205456466866943
625,149.9730336502629,1.9382075239829126,24.98079505371631,0.4626793303198341
626,149.99799059725285,2.0727376040704804,25.013664632729355,5.046583826135543
627,150.04531195015392,2.1181217735308797,22.591753022683324,13.553172326428234
628,150.09787226074477,2.0241521852652786,23.88157163148652,2.76353095166368
629,149.9920366347134,1.9641853515431331,23.1879561873593,2.6824153621341056
630,149.9975799655335,2.0352445817171594,23.412805739659913,4.519762991389793
631,150.00992400968937,1.9832838236828483,24.967036908966545,9.778618128387112
632,150.0671601847004,2.0400699173768686,23.196099412759633,1.1833693318245706
633,149.99848433482055,2.0145496819099717,23.869898707304774,2.890364253596084
634,150.07346795182355,2.0139852075427545,22.0914192786183,2.3860718409463915
635,149.95166713912857,2.0303638029687643,23.84156799809443,4.021145827718484
636,149.99069818521315,1.9710253181511421,24.09001675988564,3.0387027200082404
637,149.99009174216573,1.979781608844357,23.29520979186127,4.313532530344608
638,150.03932528620481,1.9139377204973023,23.28011320056224,2.0235575437375113
639,150.05226301884892,1.9779065279273271,25.88642288598357,2.8131405955381688
640,149.9245277820941,1.928883365496758,22.790255714095064,1.7002245553393676
641,149.95424411870943,1.992765940048003,22.949382957099612,1.7074425179185349
642,150.01684262393883,1.9521184525306872,23.190989524698406,2.461872185551467
643,149.9670653177057,2.0050617210160655,25.1988190226149,2.4610622518697243
644,149.92387861121762,2.022661965320787,26.10154244382173,1.1963334014494684
645,150.05192399860118,1.928993871446756,24.332175851746022,8.158341212391784
646,150.0246985042077,1.9593360452877018,23.282681984059494,2.4730226238667514
647,150.02465887484303,1.952834404908231,23.572267638859856,1.0319079485715865
648,149.9762277141777,2.037324671253922,25.064812317483774,5.87716330766748
649,150.05144692260836,2.0853181013693414,23.088932121087165,1.6099482340446956
650,149.98800200017865,2.0425768307684864,25.452946627222275,3.8798517118957547
651,150.05482176389114,1.9825290536150437,25.416578184216057,2.6860940607254595
652,149.95441674245288,2.0732503194818066,24.070208015140317,3.239540047032038
653,149.95729322761582,1.9242946131779364,24.646129969309307,3.063980109951326
654,150.01023316052988,2.0749679026064047,24.74974594783146,1.8173557426308016
655,149.96488339271014,1.9671892896849092,25.55421011615957,2.7973216365731175
656,150.03377255326845,1.8609853392422642,22.948548251330084,11.28150250055083
657,150.01300438720645,2.1325402369542377,25.18120465051603,0.5676080839944116
658,149.95385143910684,2.078901153716178,23.624771998361346,2.8467271747626564
659,150.00364328004724,1.9484058136439946,23.232239016424465,3.6857979079882237
660,149.98243611559064,2.008450432379658,24.102672431861556,1.301360086882804
661,150.04579164145886,1.98927502738734,23.785655713413284,1.0415983083553388
662,149.9683723508411,2.0051110401647465,23.012507021621175,12.320211665965509
663,149.97804134522636,1.9258356781229384,22.40266957186496,2.0958252419804673
664,150.0605618452688,1.9659253008666604,23.05790510209812,11.649888546267075
665,150.1119296694621,2.023398064137381,25.452357225662755,3.955212452437511
666,150.0999504332114,2.0111348084977787,25.96256950344714,2.8670933377142025
667,150.00316115058303,2.0599619255003314,24.650116446024118,3.793083810018995
668,150.0109427353534,2.0039875128713547,25.185925464911602,4.239747908014056
669,150.07667293311414,2.1174610842949,23.483167034409593,6.207502594510739
670,149.99377825968776,1.9642134221415677,23.922848324918228,3.687951267656188
671,149.95118254314312,2.012966619597677,24.282764732279993,3.007855719108009
672,150.0058437798718,1.9041841052033266,22.91871041509415,3.0752963231068358
673,150.02257583902662,1.9373433435617728,23.010055833139653,7.003004879565376
674,149.95854251910907,2.0664262980465686,24.09717730670519,4.815682450653225
675,149.91768844292505,1.952859861626067,23.67969607309225,1.347949990375796
676,149.9281635242723,2.026533758700072,22.93644322046078,1.7420452289835613
677,150.0332714642086,1.99691145713243,24.386532129272947,3.426448071136406
678,149.96208117418442,1.9477725521156215,23.736720699523673,1.757610247192841
679,149.99293264538144,1.982587536290642,25.021353950859552,2.088527111968414
680,150.0106279342169,1.974288318267664,23.994818898182185,1.3921597145531026
681,150.03095704395474,1.9756317065771032,23.699693540880403,2.263359011973971
682,149.98325486006433,2.037680410546372,24.127673184680916,3.6566204557953683
683,150.02493578502404,2.032617227720829,23.828016546001106,5.455439211656914
684,149.95549698539395,1.9711287151686472,23.33195395230859,2.7359033225360436
685,149.9819142987161,1.954644859808039,23.598043914251292,11.616134312463036
686,149.94877922061062,2.014116866725916,24.749419041987466,2.576702881704789
687,150.0565883608181,1.99499922941247,24.64651671679897,25.41644001733647
688,149.99864583859664,2.051414123122489,25.286227809364092,5.480281467756905
689,149.9630346256185,2.1327646785306698,22.307006056720308,3.8485855926827823
690,149.98238141009674,2.0421462217212394,23.60690932107669,1.9168370333567344
691,149.98891357596384,1.9982634864467896,23.585424654950778,0.3763838366411345
692,150.03502598956626,1.9913978014560472,24.171772512307793,2.4385604145321387
693,149.92021819109073,1.9571652939767916,23.54784274210013,3.0794555320604826
694,149.94813970791873,1.9546663607808707,23.486816992337957,10.44075860854674
695,149.98109463742213,1.9498292244749462,24.7829749234568,1.0347660000860597
696,150.1266152916384,1.980233241429731,24.178087515336095,10.320378691819089
697,150.0477839446266,1.978642827711958,22.833635977520373,2.279893921186983
698,149.99442741604346,2.0371865353280914,25.334506321155114,4.512448067266705
699,150.03559997912055,1.9800500492499773,24.996752050308615,0.4593731249014141
700,150.10287180848152,1.9901275141781962,23.426040353164613,2.9961294341950953
701,149.98831280366122,1.9390862987222093,24.83128041541934,2.136967060346177
702,149.98167933279512,2.0822287814598504,23.26483676004695,4.382856089501567
703,150.0605971771611,2.025349320479328,25.12569841046376,2.897527251689275
704,150.02470877490666,2.0894436584611955,23.782168759911848,1.2219308419653163
705,150.03356665776613,2.039844289601801,23.19715760457733,5.274539337170387
706,149.97458888003598,2.0744817975956646,23.626895604183268,4.420443884970459
707,150.09621015661713,1.9875756237277518,23.234169629516344,4.127771765521019
708,150.0854795400797,2.0358580403978452,24.192139662659304,5.50821576703236
709,150.02829738944365,2.1352753184754727,24.175105233737874,5.874830501912235
710,150.03421449190736,1.9388232769197093,24.035802965278183,2.6770938766144035
711,149.89863695638786,2.058813447753211,23.443384554338326,1.0508924642045077
712,150.03188548967486,2.0848972109205968,20.33891818979321,1.03099711780327
713,149.99029457063872,2.021056378885471,24.092835615322734,6.992414116515781
714,150.0216952852914,2.038260621785844,22.103765622063076,4.469663863218268
715,150.0341229705923,2.0639817233856528,24.244188351569004,2.9195238656631046
716,149.98293541159458,1.9664852417017267,25.130793739722243,2.005204842469774
717,149.91547590999065,2.0208705864071947,24.273885638584723,2.778996714662081
718,150.0183937282537,1.9555997532190623,23.61056340504909,2.7658719753330328
719,149.96293081737798,1.9654376479339288,23.820122396142914,2.1474238311219818
720,149.9834902953638,1.9684218627194208,23.866937373086447,1.666428229450699
721,149.96977450779528,1.9926865863653904,23.450758374021614,12.366878333827767
722,149.98292128723725,2.0074887819241733,23.416210506440997,3.189907619096639
723,149.8845239521367,2.02315165835093,23.076104035398284,1.7787960776431846
724,150.06084735636156,1.9274545655092323,25.188162246663754,1.0925963702770587
725,150.0126673051163,2.1013387710920273,23.98444672681188,1.6356077228411443
726,150.05556996314596,2.059176447837813,24.956271395693758,4.498790291604791
727,150.0989920914905,2.037178138469638,23.749948957455086,4.622189927015539
728,150.00112965612814,1.9816734804196647,24.07216775006442,2.3329942266810377
729,149.90987818720797,1.9954346666632885,23.829617353516486,2.818479304362602
730,149.95530565748103,2.0280583210316627,24.462836055027225,2.195617374298721
731,149.93965477595518,2.0210719993197643,24.826635652820418,1.2517149740552231
732,149.97490626784275,1.9139468780961588,24.23970462129671,6.761064632306119
733,150.0039823989033,2.037963963213503,23.326183834697954,3.528400729694152
734,149.89989063664885,2.1494123794201654,23.220046173050314,15.385856481355672
735,150.01712377466708,1.9053355024923952,25.65917053790078,1.6010838383144035
736,149.9244821673357,2.0509838810817045,23.71996232445251,2.46878627232279
737,150.01486826314,2.018925098753798,23.708897849743177,5.043393418883856
738,149.99452544274115,1.994279239014423,25.465007407897353,2.289729505460773
739,149.98431843804036,2.0703507870011157,25.0878611546081,1.0290267786542369
740,149.99634784720294,1.9393201843459893,24.53383793793005,1.3990469638017358
741,149.9730110992134,2.008354749638926,23.60060346458552,2.9169106100882662
742,149.9693764278298,2.0750977325964133,26.353197592004207,3.4568477892057445
743,149.91586218045654,1.9898950727583729,24.392973787609964,2.544098266215057
744,149.99851863425752,1.9785368483486714,24.54698547863815,5.487317859739112
745,150.09227668553117,2.0058988611198973,23.828893868334436,5.446296734403923
746,150.09902475314422,1.9771622325997587,22.58569255692225,3.4073859056137947
747,150.06609087982724,2.07945843651468,22.66523793497624,2.7699363282570757
748,150.03529008004259,1.9534076113164422,24.406978191736552,2.2772654795011555
749,149.966175993796,2.0448465635165287,24.39182943012138,3.9976935887097653
750,150.07213753941082,1.9356658100216784,23.760001676028402,5.174476319170655
751,149.99719362227796,2.0343786201360925,22.828316207211607,2.836081569355983
752,149.99655622451183,1.9946100265212316,22.5583421374398,3.724746379213498
753,149.98543864340803,1.8672419014339061,23.672149335675446,2.1662136297303296
754,150.00459809495092,1.9996928423323135,22.543872068017475,1.0119865644069197
755,149.9782392549206,1.9451608129362874,24.898915335947862,1.3489573435072597
756,149.99581089153133,1.9771609243703139,25.152664781800055,4.646137381610539
757,149.94577004456363,2.079077589932462,26.82903416309331,3.716945060742538
758,149.98131681476298,1.9425709456479667,24.878317451734112,8.274260654859212
759,150.11402782349748,1.9455024787136705,23.407150395135858,2.8271493305233673
760,149.9965202986019,2.07404414284359,23.1283350140949,4.979560412282338
761,149.9880669717614,2.00595984602341,20.54827191107373,6.862774811256043
762,150.02661871395526,2.0792365458795783,23.405110861498095,5.452722991317881
763,150.03540609108518,2.0166303687057945,23.82302612272723,1.775384709709909
764,149.9443115570414,1.9546467664196796,24.967807257035012,2.3888305117771624
765,149.98964206085984,1.9965916314072345,24.611600153187013,2.976776244460907
766,150.04591379204675,2.0632064215223616,24.58834974037977,1.363277758735618
767,150.0134918814536,2.0483752612425565,24.21362760321555,3.7886204693344294
768,150.00609770217508,2.0000455766037906,24.660910030432515,5.566641722461031
769,150.07770088343042,2.0025071835356214,25.44760000146397,1.9413848636631714
770,149.966111362018,1.994214977994241,22.93512311115401,10.813419959755455
771,150.0041372947554,1.9702666414376828,23.54269961527083,2.2177501492050316
772,149.97399706673724,2.0992939874687573,22.611468435185653,2.3582726356226758
773,150.0745154114538,2.000369658508244,25.618660309901003,2.3006801770344287
774,149.90240698003618,1.9418545440603816,25.296869123228042,1.6556716593429055
775,149.9664929152258,1.9754791225691355,24.75228416348078,3.6418824757875345
776,149.9735421516986,2.037340993038212,22.80144858047627,2.756655353466193
777,150.0331769811586,2.032977971593915,24.17294480349559,8.696844856252069
778,150.0303137738055,1.9929500482663398,23.765360640243465,4.15834413557695
779,150.06975971301193,1.9656371521682603,24.08082704858778,3.9605489634329833
780,149.92129835788313,2.001229106046989,23.811881870387992,2.3277997491228604
781,150.03752375045153,1.9139656224973494,24.519952824775956,1.0100876404929582
782,149.9853360067856,1.9330778392479289,23.605160131024775,2.553200374127238
783,149.9667187381371,2.0410699797069767,24.85457050609062,1.4989961354353494
784,150.02697842666862,1.9753615602593824,24.241394858253198,5.292497689897023
785,149.9539930208632,2.019274196694636,23.706923827778102,2.660968033483169
786,149.89615433523429,2.062629626653544,23.8881466330757,8.723495320795077
787,149.98148907555387,2.0333956246249922,23.55941258907325,4.5481348125060785
788,149.9251114574179,2.0010594826659056,24.813884047263823,4.878682329479516
789,149.96755420894647,2.1093990932265356,23.7285355150309,3.1945939904430625
790,150.01857773818756,2.034324939820633,24.294890397116177,3.1458075633441993
791,150.0155999872807,1.9817769828029008,23.607595411525327,4.294310499974681
792,150.07934497244892,2.037634836322844,22.51489812458575,5.18550986693742
793,149.99001726265283,2.0209673246948383,24.906104405375764,1.6530148730260081
794,149.9233334204726,1.956000701385934,22.941873487184914,3.8366380454333457
795,149.96219515716822,2.003750760203874,24.679160968413356,17.026331479192297
796,149.95403078876868,1.9915187899804316,24.420152775890497,2.5528668464315025
797,149.93910874207708,1.8989223828148278,22.343966558985677,2.273043333354917
798,150.02176835975078,1.991137427136471,23.055318434580258,1.6740921973370366
799,149.96773838310173,1.9854472326905046,23.48589935974261,0.9861025170566088
800,149.90113135916565,1.977468033248771,23.179281957759102,6.247744377440175
